combination,c1,c2,c3,ECL1,ECL2,ECL3,ECL4,ECL5,ECL6,ECL7,ECL8,ECL9,ECL10,ECL11,ECL12,ECL13
1,0,0,0,1,1,1,1,1,1,1,1,1,1,1,1,1
2,25,0,0,0.9778,0.9645,0.9972,0.9741,1,0.9888,0.9455,0.9802,0.9471,0.9627,0.9668,0.9251,0.7508
3,50,0,0,0.9212,0.9436,0.99,0.9368,0.9846,0.991,0.9638,0.9391,0.9593,0.9661,0.9787,0.8277,0.9853
4,100,0,0,0.5604,0.8889,0.6431,0.721,0.6766,0.8698,0.9702,0.8412,0.9694,0.9523,0.9643,0.4625,0.9634
5,200,0,0,0.0639,0.6678,0.0338,0.2357,0.2098,0.4245,0.817,0.3618,0.9189,0.8948,0.8551,0.0463,0.6075
6,400,0,0,0.001,0.0844,0,0.0354,0.1024,0.4551,0.1357,0.0711,0.8046,0.6943,0.3981,0,0.0736
7,800,0,0,0.0118,0,0,0,0.0569,0.4803,0,0.0335,0.7895,0.5153,0.0355,0,0
8,0,2.94,0,1,1,1,1,1,0.9978,0.9863,0.9903,0.9846,1,1,0.9978,0.8068
9,25,2.94,0,0.995,0.9948,1,0.997,1,1,0.9844,0.9964,0.9853,0.9988,1,0.9814,0.9465
10,50,2.94,0,0.9591,0.998,1,0.9743,0.9697,1,0.9932,0.9751,0.9892,1,1,0.857,1
11,100,2.94,0,0.6028,0.956,0.6325,0.6416,0.6571,0.8545,0.9913,0.8021,0.9933,0.9807,0.9878,0.432,1
12,200,2.94,0,0.073,0.7107,0.0253,0.1056,0.1716,0.3705,0.8885,0.3504,0.9759,0.9304,0.9029,0.0374,0.6383
13,400,2.94,0,0.0005,0.1016,0,0.0026,0.1031,0.484,0.2192,0.0653,0.8595,0.7365,0.4483,0,0.0662
14,800,2.94,0,0.0137,0,0,0,0.0536,0.5346,0,0.0363,0.8254,0.5368,0.0492,0,0
15,0,5.88,0,0.7391,1,1,1,1,1,0.997,1,0.9969,1,1,0.881,0.7721
16,25,5.88,0,0.7346,1,1,1,1,1,1,1,0.9996,1,1,0.8909,0.878
17,50,5.88,0,0.6035,0.9999,1,0.995,1,1,1,1,0.9952,1,1,0.7918,1
18,100,5.88,0,0.4309,0.9941,0.5458,0.6875,0.8508,0.8831,1,0.8774,0.9993,0.9904,0.9972,0.4008,0.9905
19,200,5.88,0,0.0597,0.7317,0,0.0598,0.3037,0.4634,0.8945,0.345,0.9791,0.9361,0.8938,0.0386,0.6864
20,400,5.88,0,0.0021,0.0839,0,0,0.1211,0.4993,0.1679,0.0764,0.8833,0.7462,0.4505,0,0.0792
21,800,5.88,0,0.016,0,0,0,0.0517,0.5003,0,0.0376,0.8423,0.5491,0.0559,0,0
22,0,11.75,0,0.3139,0.406,0.8085,0.9999,0.998,0.9073,0.7868,0.9546,0.9844,0.7793,1,0.4462,0.6743
23,25,11.75,0,0.3118,0.3778,0.8246,0.9988,1,0.9147,0.8081,0.9436,0.9854,0.8305,0.9952,0.4551,0.7638
24,50,11.75,0,0.3005,0.4474,0.7608,0.9759,1,0.9085,0.8403,0.9159,0.9841,0.8046,1,0.44,0.8299
25,100,11.75,0,0.2431,0.4779,0.599,0.7939,0.7886,0.8146,0.9368,0.7972,0.9972,0.8073,1,0.3709,0.8432
26,200,11.75,0,0.0591,0.2653,0.061,0.0973,0.3605,0.4046,0.8135,0.3563,0.9604,0.7877,0.8905,0.0455,0.5962
27,400,11.75,0,0.0436,0.0221,0,0,0.1057,0.4781,0.2048,0.0782,0.8716,0.688,0.4481,0,0.0753
28,800,11.75,0,0.0386,0,0,0,0.0561,0.5264,0,0.0342,0.8244,0.5309,0.0654,0,0
29,0,23.5,0,0.0123,0.0177,0.3284,0.7955,0.4623,0.2505,0.1664,0.4268,0.3189,0.3509,0.7326,0.4435,0.2691
30,25,23.5,0,0.0137,0.0338,0.3212,0.764,0.4565,0.3077,0.2061,0.398,0.3433,0.3559,0.7681,0.4712,0.3958
31,50,23.5,0,0.0147,0.0576,0.3096,0.7245,0.4513,0.3342,0.22,0.3774,0.3565,0.3729,0.8218,0.4789,0.4929
32,100,23.5,0,0,0.0685,0.2626,0.6331,0.3937,0.3129,0.232,0.3787,0.4356,0.3947,0.8275,0.4746,0.5016
33,200,23.5,0,0,0.0369,0.0324,0.0938,0.2509,0.2106,0.242,0.2793,0.4668,0.4042,0.7165,0.1777,0.2955
34,400,23.5,0,0,0,0,0,0.1497,0.222,0.1397,0.0902,0.532,0.3811,0.3714,0.0774,0.1359
35,800,23.5,0,0.0021,0,0,0,0.0615,0.285,0,0.0456,0.4716,0.3041,0.0504,0.0118,0.04
36,0,47,0,0,0,0.2149,0.1403,0.0113,0.0024,0,0.0792,0.1144,0.1451,0.3224,0.5235,0.0675
37,25,47,0,0,0,0.2179,0.1411,0.0334,0.006,0,0.0749,0.1209,0.1402,0.3297,0.54,0.0838
38,50,47,0,0,0,0.1815,0.1393,0.0131,0.0089,0,0.0862,0.1288,0.1355,0.345,0.5285,0.0999
39,100,47,0,0,0,0.1489,0.1068,0.008,0.0026,0,0.0906,0.1419,0.1414,0.3548,0.4495,0.0967
40,200,47,0,0,0,0.0341,0.0062,0.0006,0.0004,0,0.0827,0.1564,0.1384,0.3398,0.2822,0.049
41,400,47,0,0,0,0,0,0,0.0041,0,0.0369,0.1733,0.1034,0.2091,0.2053,0.0056
42,800,47,0,0,0,0,0,0,0.0161,0,0.0408,0.1355,0.0698,0.0442,0.0977,0
43,0,94,0,0,0,0,0,0,0,0,0.0099,0.074,0.0286,0.1722,0.4392,0.0215
44,25,94,0,0,0,0,0,0,0,0,0.0169,0.0725,0.0232,0.169,0.4487,0.0226
45,50,94,0,0,0,0,0,0,0,0,0.0146,0.0736,0.024,0.1723,0.4426,0.0259
46,100,94,0,0,0,0,0,0,0,0,0.0217,0.0733,0.0232,0.1704,0.4006,0.0355
47,200,94,0,0,0,0,0,0,0,0,0.0116,0.0742,0.0254,0.1464,0.2813,0.0121
48,400,94,0,0,0,0,0,0,0,0,0.0012,0.0779,0.0172,0.0889,0.2069,0
49,800,94,0,0,0,0,0,0,0,0,0.0169,0.0395,0.0003,0.0245,0.1047,0
50,0,188,0,0,0,0,0,0,0,0,0,0.0651,0,0.0403,0.4124,0.0411
51,25,188,0,0,0,0,0,0,0,0,0,0.0634,0,0.0394,0.4116,0.027
52,50,188,0,0,0,0,0,0,0,0,0,0.0669,0,0.0424,0.4147,0.0227
53,100,188,0,0,0,0,0,0,0,0,0,0.0655,0,0.0384,0.3798,0.0186
54,200,188,0,0,0,0,0,0,0,0,0,0.0657,0,0.0244,0.2607,0.0087
55,400,188,0,0,0,0,0,0,0,0,0,0.0661,0,0.0004,0.2063,0
56,800,188,0,0,0,0,0,0,0,0,0.0034,0.0276,0,0,0.1066,0
57,0,376,0,0,0,0,0,0,0,0,0,0.053,0,0.0028,0.3997,0.0279
58,25,376,0,0,0,0,0,0,0,0,0,0.0585,0,0.0003,0.4004,0.0231
59,50,376,0,0,0,0,0,0,0,0,0,0.0614,0,0.0019,0.4043,0.0273
60,100,376,0,0,0,0,0,0,0,0,0,0.0614,0,0.0018,0.376,0.0322
61,200,376,0,0,0,0,0,0,0,0,0,0.0623,0,0,0.2733,0.0214
62,400,376,0,0,0,0,0,0,0,0,0,0.0516,0,0,0.2154,0
63,800,376,0,0,0,0,0,0,0,0,0,0.015,0,0,0.1119,0
64,0,752,0,0,0,0,0,0,0,0,0,0.0718,0,0.0077,0.4075,0.0372
65,25,752,0,0,0,0,0,0,0,0,0,0.0681,0,0.0047,0.407,0.0492
66,50,752,0,0,0,0,0,0,0,0,0,0.0684,0,0.0072,0.4056,0.0453
67,100,752,0,0,0,0,0,0,0,0,0,0.0656,0,0.005,0.3786,0.0514
68,200,752,0,0,0,0,0,0,0,0,0,0.0567,0,0,0.2794,0.0316
69,400,752,0,0,0,0,0,0,0,0,0,0.055,0,0,0.2055,0.0058
70,800,752,0,0,0,0,0,0,0,0,0,0.0271,0,0,0.0997,0.0029
71,0,0,0.09,1,0.9984,1,1,1,1,1,1,0.9959,1,1,1,0.8655
72,25,0,0.09,0.9938,1,1,1,0.9931,1,0.9749,0.9851,0.9964,0.9997,0.9948,0.9806,0.6902
73,50,0,0.09,0.9375,0.9311,1,0.9621,1,1,1,0.9957,0.9965,1,1,0.9008,0.8535
74,100,0,0.09,0.6525,0.8513,0.6433,0.7307,0.7453,0.9033,0.9963,0.8753,1,0.987,0.9791,0.5077,0.9995
75,200,0,0.09,0.0994,0.6153,0.0362,0.1107,0.2215,0.4279,0.9372,0.3182,0.9873,0.9321,0.8644,0.0628,0.5786
76,400,0,0.09,0.0058,0.0827,0,0,0.1145,0.4935,0.3697,0.0785,0.921,0.7499,0.4259,0,0.0482
77,800,0,0.09,0.0181,0,0,0,0.0697,0.5382,0,0.0472,0.8472,0.5497,0.0753,0,0
78,0,2.94,0.09,1,0.9999,1,1,1,1,0.9938,1,1,1,1,0.9984,0.7093
79,25,2.94,0.09,0.9896,0.9494,1,1,1,1,0.9966,1,1,1,1,0.9719,0.7206
80,50,2.94,0.09,0.9268,0.9785,0.9997,1,1,1,1,1,1,1,1,0.9165,0.932
81,100,2.94,0.09,0.6101,0.934,0.6088,0.7743,0.8924,0.9243,1,0.862,1,0.9851,0.988,0.4948,0.826
82,200,2.94,0.09,0.0914,0.7148,0.0156,0.0915,0.3175,0.4424,0.9099,0.3084,0.9974,0.9333,0.8343,0.0501,0.6048
83,400,2.94,0.09,0.0034,0.0844,0,0,0.1102,0.5108,0.2045,0.0704,0.9315,0.7361,0.4015,0,0.0726
84,800,2.94,0.09,0.0128,0,0,0,0.0705,0.5363,0,0.0453,0.8513,0.5454,0.0665,0,0
85,0,5.88,0.09,0.6903,0.9912,1,1,1,1,0.9997,1,0.9957,0.989,1,0.8333,0.7374
86,25,5.88,0.09,0.709,0.9925,1,1,1,1,0.9985,1,0.9996,0.991,1,0.8266,0.8449
87,50,5.88,0.09,0.5727,0.9618,0.9947,1,1,1,1,0.9968,0.9982,0.9956,1,0.751,0.97
88,100,5.88,0.09,0.3914,0.7887,0.6558,0.8033,0.9022,0.9112,1,0.863,1,0.9771,0.9949,0.5002,0.9045
89,200,5.88,0.09,0.0507,0.6169,0.0412,0.1405,0.3628,0.4485,0.9722,0.3661,0.9912,0.9295,0.8719,0.0537,0.6276
90,400,5.88,0.09,0.0065,0.0608,0,0.0009,0.1238,0.4615,0.4276,0.0596,0.9026,0.7399,0.4168,0,0.1081
91,800,5.88,0.09,0.0151,0,0,0,0.0658,0.5189,0.0087,0.0376,0.84,0.5447,0.0562,0,0
92,0,11.75,0.09,0.2732,0.2835,0.7998,1,1,0.9163,0.8702,0.9162,0.9941,0.7677,0.9944,0.4174,0.7875
93,25,11.75,0.09,0.2786,0.322,0.7811,1,1,0.9002,0.8733,0.9007,0.9895,0.7704,0.9956,0.4428,0.8104
94,50,11.75,0.09,0.2735,0.2334,0.7855,1,0.9801,0.9341,0.959,0.8933,1,0.804,1,0.4655,0.8254
95,100,11.75,0.09,0.2353,0.2505,0.4805,0.8299,0.8462,0.8388,0.9654,0.7894,1,0.8256,1,0.3674,0.7676
96,200,11.75,0.09,0.0675,0.2177,0.0261,0.1824,0.4745,0.4312,0.8106,0.3478,0.9762,0.7775,0.8883,0.0433,0.5003
97,400,11.75,0.09,0.0546,0.0173,0,0,0.156,0.4789,0.362,0.0814,0.8902,0.6765,0.3102,0,0.0358
98,800,11.75,0.09,0.0421,0,0,0,0.0727,0.5184,0.0449,0.0341,0.8395,0.5281,0.0349,0,0
99,0,23.5,0.09,0.0024,0.0245,0.3092,0.8917,0.4325,0.3049,0.1568,0.3292,0.2995,0.334,0.7418,0.4731,0.4204
100,25,23.5,0.09,0.0026,0.0129,0.2957,0.8878,0.4186,0.3061,0.1622,0.3185,0.3857,0.3302,0.7443,0.4931,0.4673
101,50,23.5,0.09,0.0084,0.0088,0.2923,0.7779,0.4098,0.3497,0.1589,0.317,0.4756,0.3462,0.7853,0.5303,0.5526
102,100,23.5,0.09,0.0088,0.0132,0.233,0.6572,0.3695,0.3113,0.1758,0.3196,0.4963,0.3662,0.8212,0.4713,0.4987
103,200,23.5,0.09,0,0.0165,0.0843,0.214,0.2249,0.2021,0.2127,0.2478,0.4814,0.3499,0.6829,0.1736,0.2558
104,400,23.5,0.09,0,0.0207,0,0.0252,0.1316,0.2582,0.1991,0.076,0.5734,0.3601,0.3383,0.072,0.1015
105,800,23.5,0.09,0.0149,0.0127,0,0,0.0688,0.2653,0.0212,0.0288,0.5187,0.2732,0.0693,0.0164,0.0842
106,0,47,0.09,0,0,0.2053,0.1065,0.0014,0.0027,0,0.0625,0.1137,0.1311,0.2924,0.4863,0.0707
107,25,47,0.09,0,0,0.1729,0.1084,0.0039,0,0,0.0523,0.1202,0.1211,0.2981,0.5272,0.0705
108,50,47,0.09,0,0,0.1698,0.0839,0,0,0,0.0607,0.1282,0.1281,0.3145,0.5281,0.0599
109,100,47,0.09,0,0,0.1112,0.0611,0,0,0,0.0592,0.1416,0.1346,0.3272,0.4376,0.0466
110,200,47,0.09,0,0,0.0863,0.0143,0.0002,0,0,0.0537,0.1464,0.1233,0.2905,0.2889,0.0195
111,400,47,0.09,0,0,0.0006,0,0,0,0,0.0246,0.1554,0.1141,0.1633,0.2112,0
112,800,47,0.09,0,0,0,0,0,0,0,0.0207,0.1064,0.0781,0.0524,0.1107,0
113,0,94,0.09,0,0,0,0,0,0,0,0,0.0695,0.0221,0.1571,0.4373,0.0309
114,25,94,0.09,0,0,0,0,0,0,0,0,0.0683,0.0171,0.1462,0.4318,0.0257
115,50,94,0.09,0,0,0,0,0,0,0,0,0.074,0.0196,0.1598,0.4363,0.0235
116,100,94,0.09,0,0,0,0,0,0,0,0,0.082,0.023,0.1628,0.3704,0.0198
117,200,94,0.09,0,0,0,0,0,0,0,0,0.0799,0.0201,0.1261,0.2787,0.0021
118,400,94,0.09,0,0,0,0,0,0,0,0.0015,0.0781,0.0214,0.0758,0.2081,0
119,800,94,0.09,0,0,0,0,0,0,0,0.0018,0.0464,0.0134,0.0393,0.0996,0
120,0,188,0.09,0,0,0,0,0,0,0,0,0.0706,0,0.0359,0.4112,0.0252
121,25,188,0.09,0,0,0,0,0,0,0,0,0.0701,0,0.033,0.4191,0.0196
122,50,188,0.09,0,0,0,0,0,0,0,0,0.0729,0,0.0359,0.4235,0.0218
123,100,188,0.09,0,0,0,0,0,0,0,0,0.074,0,0.0357,0.3686,0.017
124,200,188,0.09,0,0,0,0,0,0,0,0,0.0736,0,0.0215,0.2661,0
125,400,188,0.09,0,0,0,0,0,0,0,0,0.0741,0,0.001,0.2077,0
126,800,188,0.09,0,0,0,0,0,0,0,0,0.0469,0,0,0.0923,0
127,0,376,0.09,0,0,0,0,0,0,0,0,0.069,0,0.0034,0.4105,0.0363
128,25,376,0.09,0,0,0,0,0,0,0,0,0.0651,0,0.0021,0.4175,0.0335
129,50,376,0.09,0,0,0,0,0,0,0,0,0.0768,0,0.0047,0.4121,0.0202
130,100,376,0.09,0,0,0,0,0,0,0,0,0.0754,0,0.0016,0.3675,0.0182
131,200,376,0.09,0,0,0,0,0,0,0,0,0.0755,0,0,0.2577,0.0013
132,400,376,0.09,0,0,0,0,0,0,0,0,0.0695,0,0,0.1994,0
133,800,376,0.09,0,0,0,0,0,0,0,0,0.0477,0,0,0.0904,0
134,0,752,0.09,0.0127,0.0083,0.005,0,0,0,0,0.0184,0.1095,0.0416,0.0618,0.4562,0.1336
135,25,752,0.09,0.0157,0.0078,0.0043,0,0,0,0,0.0195,0.1154,0.0393,0.061,0.4656,0.1358
136,50,752,0.09,0.0155,0.0042,0.0029,0,0,0,0,0.0124,0.1239,0.0436,0.0623,0.464,0.1271
137,100,752,0.09,0.0111,0.0005,0.0021,0,0,0,0,0.0173,0.1266,0.0468,0.0602,0.4178,0.1172
138,200,752,0.09,0.0091,0.0024,0.003,0,0,0,0,0.0182,0.1246,0.0456,0.0482,0.3047,0.0984
139,400,752,0.09,0.0102,0,0.0008,0,0,0,0,0.0168,0.1211,0.043,0.033,0.2556,0.0661
140,800,752,0.09,0,0,0,0,0,0,0,0.005,0.0753,0.0201,0.0161,0.1445,0.0421
141,0,0,0.18,0.9986,0.9173,1,0.9864,1,0.9873,0.9355,0.9953,0.9467,0.9698,0.9435,0.9788,0.6912
142,25,0,0.18,0.9832,0.9315,0.9861,0.9807,0.9702,0.9838,0.9484,0.9786,0.9406,0.9578,0.9569,0.9142,0.8635
143,50,0,0.18,0.9269,0.907,0.8801,0.955,0.9604,0.9806,0.9529,0.9407,0.9469,0.9703,0.9775,0.8001,1
144,100,0,0.18,0.6766,0.8555,0.4482,0.7392,0.7044,0.8617,0.9768,0.7997,0.9638,0.946,0.9652,0.5117,0.9624
145,200,0,0.18,0.0907,0.6471,0.0243,0.0838,0.2609,0.4061,0.8675,0.4039,0.9351,0.8662,0.9331,0.0757,0.7649
146,400,0,0.18,0.0125,0.0895,0,0,0.13,0.4428,0.2112,0.0908,0.8071,0.684,0.7312,0,0.1051
147,800,0,0.18,0.0217,0,0,0,0.0777,0.4682,0,0.0353,0.774,0.5128,0.11,0,0
148,0,2.94,0.18,1,1,1,1,1,1,0.983,1,0.964,0.9975,0.9997,1,0.7631
149,25,2.94,0.18,1,0.9872,0.9976,0.9988,0.9983,1,0.9855,0.9839,0.9644,0.9973,0.9917,0.9863,0.9018
150,50,2.94,0.18,0.9742,0.9739,0.983,0.9894,0.9544,1,0.9931,0.9933,0.9779,0.9973,1,0.908,0.9933
151,100,2.94,0.18,0.7038,0.9189,0.7808,0.6916,0.7462,0.8916,1,0.841,0.9938,0.972,0.9888,0.5519,1
152,200,2.94,0.18,0.0967,0.5892,0.0772,0.2057,0.2458,0.3991,0.9733,0.4113,0.9711,0.9241,0.9796,0.0859,0.7811
153,400,2.94,0.18,0.013,0.0982,0,0.0178,0.1377,0.4662,0.3879,0.0838,0.882,0.7511,0.7888,0,0.1139
154,800,2.94,0.18,0.0279,0,0,0,0.0908,0.5245,0,0.0468,0.8208,0.5479,0.1324,0,0
155,0,5.88,0.18,0.8207,1,1,1,1,1,0.996,1,1,0.997,1,0.8773,0.8118
156,25,5.88,0.18,0.7825,0.9953,0.9936,1,1,1,1,1,1,1,1,0.8748,0.8333
157,50,5.88,0.18,0.6742,0.9944,0.9468,0.9935,1,1,0.9973,0.9923,1,1,1,0.8146,0.9782
158,100,5.88,0.18,0.555,0.9834,0.4069,0.7083,0.8984,0.936,1,0.8657,1,0.9818,1,0.5118,1
159,200,5.88,0.18,0.0949,0.6179,0.0013,0.0904,0.3229,0.4813,0.9085,0.4166,0.9918,0.924,0.9698,0.0652,0.84
160,400,5.88,0.18,0.0184,0.0493,0,0,0.1387,0.4998,0.2146,0.0934,0.8899,0.7418,0.7759,0,0.1066
161,800,5.88,0.18,0.0315,0,0,0,0.0656,0.5187,0,0.0408,0.8363,0.5545,0.132,0,0
162,0,11.75,0.18,0.3354,0.3905,0.8335,1,0.9945,0.9549,0.9524,0.9377,0.9781,0.8286,1,0.4204,0.6922
163,25,11.75,0.18,0.3324,0.3574,0.8493,1,1,0.9499,0.9912,0.9497,0.9784,0.8467,0.9946,0.4183,0.7268
164,50,11.75,0.18,0.3162,0.3899,0.7877,0.9919,1,0.9613,0.9802,0.9147,0.98,0.8079,1,0.4311,0.7792
165,100,11.75,0.18,0.2739,0.3838,0.5311,0.789,0.8858,0.8666,0.9915,0.7959,0.9975,0.8104,0.9911,0.3571,0.8351
166,200,11.75,0.18,0.0862,0.2399,0.0331,0.101,0.5059,0.425,0.9064,0.422,0.965,0.8074,0.9728,0.0458,0.6574
167,400,11.75,0.18,0.0728,0.0192,0,0,0.1728,0.4878,0.268,0.1038,0.874,0.6844,0.7923,0,0.0816
168,800,11.75,0.18,0.0691,0,0,0,0.086,0.522,0,0.043,0.8032,0.5087,0.1414,0,0
169,0,23.5,0.18,0.0372,0.016,0.3175,0.7478,0.4573,0.4432,0.3385,0.3834,0.4244,0.3614,0.7713,0.4259,0.3107
170,25,23.5,0.18,0.0455,0.0234,0.308,0.7546,0.4606,0.5157,0.3437,0.3635,0.4327,0.3681,0.8136,0.4697,0.3261
171,50,23.5,0.18,0.0412,0.0451,0.2981,0.7048,0.4607,0.5328,0.3405,0.3547,0.454,0.3846,0.8403,0.4711,0.4127
172,100,23.5,0.18,0.024,0.0492,0.2424,0.6608,0.4166,0.5053,0.3494,0.3534,0.5428,0.4109,0.8493,0.4982,0.4826
173,200,23.5,0.18,0,0.0323,0.0106,0.1747,0.2899,0.2888,0.3404,0.2677,0.5362,0.4045,0.7816,0.185,0.3502
174,400,23.5,0.18,0.0005,0,0,0,0.1762,0.3692,0.2215,0.0914,0.5954,0.3711,0.6705,0.0944,0.1655
175,800,23.5,0.18,0.012,0,0,0,0.0845,0.4137,0.0156,0.0436,0.5377,0.2769,0.1211,0.0264,0.0631
176,0,47,0.18,0,0,0.2396,0.1367,0.0411,0.0161,0,0.0884,0.1219,0.1492,0.3184,0.5068,0.0824
177,25,47,0.18,0,0,0.2168,0.1366,0.0514,0.0168,0,0.0889,0.1255,0.1482,0.3267,0.5202,0.0703
178,50,47,0.18,0,0,0.1905,0.1277,0.0471,0.0221,0,0.0877,0.1361,0.1447,0.3361,0.5145,0.0944
179,100,47,0.18,0,0,0.147,0.1048,0.0341,0.0077,0,0.0927,0.1503,0.1465,0.3417,0.4625,0.0989
180,200,47,0.18,0,0,0.0126,0.0142,0.0172,0.0012,0,0.0882,0.1614,0.1405,0.3442,0.2866,0.0715
181,400,47,0.18,0,0,0,0,0.0037,0.0099,0,0.0529,0.1789,0.1087,0.2955,0.2094,0.0034
182,800,47,0.18,0,0,0,0,0.0006,0.0532,0,0.0472,0.135,0.0711,0.0797,0.1177,0
183,0,94,0.18,0,0,0,0,0,0,0,0.012,0.0732,0.0369,0.1519,0.4357,0.037
184,25,94,0.18,0,0,0,0,0,0,0,0.011,0.0708,0.0299,0.158,0.4392,0.0331
185,50,94,0.18,0,0,0,0,0,0,0,0.0105,0.0731,0.0337,0.1554,0.4323,0.0452
186,100,94,0.18,0,0,0,0,0,0,0,0.0221,0.0726,0.0295,0.16,0.3909,0.0478
187,200,94,0.18,0,0,0,0,0,0,0,0.0154,0.0742,0.0313,0.1471,0.2789,0.0257
188,400,94,0.18,0,0,0,0,0,0,0,0.0063,0.0816,0.0161,0.1186,0.2059,0
189,800,94,0.18,0,0,0,0,0,0,0,0.0242,0.044,0,0.0358,0.1093,0
190,0,188,0.18,0,0,0,0,0,0,0,0,0.0597,0,0.0334,0.4021,0.0468
191,25,188,0.18,0,0,0,0,0,0,0,0,0.0611,0,0.0343,0.4041,0.0375
192,50,188,0.18,0,0,0,0,0,0,0,0,0.0636,0,0.0376,0.4054,0.0455
193,100,188,0.18,0,0,0,0,0,0,0,0,0.0642,0,0.0401,0.3726,0.0326
194,200,188,0.18,0,0,0,0,0,0,0,0,0.0613,0,0.0329,0.2602,0.0207
195,400,188,0.18,0,0,0,0,0,0,0,0,0.0647,0,0.0073,0.2139,0
196,800,188,0.18,0,0,0,0,0,0,0,0.0011,0.0308,0,0,0.1116,0
197,0,376,0.18,0,0,0,0,0,0,0,0,0.0609,0,0,0.3879,0.0515
198,25,376,0.18,0,0,0,0,0,0,0,0,0.0635,0,0,0.3948,0.0474
199,50,376,0.18,0,0,0,0,0,0,0,0,0.0685,0,0.0003,0.3941,0.0455
200,100,376,0.18,0,0,0,0,0,0,0,0,0.0667,0,0.0018,0.358,0.0418
201,200,376,0.18,0,0,0,0,0,0,0,0,0.0653,0,0,0.2633,0.0328
202,400,376,0.18,0,0,0,0,0,0,0,0,0.0575,0,0,0.2158,0
203,800,376,0.18,0,0,0,0,0,0,0,0,0.0201,0,0,0.1214,0
204,0,752,0.18,0,0,0,0,0,0,0,0,0.0692,0,0.0014,0.3926,0.074
205,25,752,0.18,0,0,0,0,0,0,0,0,0.0692,0,0.001,0.3983,0.0712
206,50,752,0.18,0,0,0,0,0,0,0,0,0.0721,0,0.0027,0.3991,0.0717
207,100,752,0.18,0,0,0,0,0,0,0,0,0.0727,0,0.0033,0.3657,0.0688
208,200,752,0.18,0,0,0,0,0,0,0,1E-04,0.0618,0,0,0.2733,0.0506
209,400,752,0.18,0,0,0,0,0,0,0,0,0.056,0,0,0.2119,0.0197
210,800,752,0.18,0,0,0,0,0,0,0,0,0.0366,0,0,0.1179,0.0035
211,0,0,0.35,1,0.9999,1,1,1,1,0.991,0.9963,0.9888,0.9798,0.9961,0.9898,0.8401
212,25,0,0.35,1,0.9915,1,1,0.9929,1,0.9833,0.9677,0.976,0.9779,0.9871,0.964,0.7447
213,50,0,0.35,0.9777,0.9703,0.8841,0.9445,0.9943,1,0.9915,0.9868,0.983,0.9707,1,0.8788,0.7772
214,100,0,0.35,0.7459,0.767,0.649,0.7015,0.7139,0.8559,0.9993,0.7721,0.9916,0.946,0.9831,0.5367,0.9484
215,200,0,0.35,0.1182,0.3876,0.0733,0.1002,0.2278,0.3805,0.9907,0.3877,0.9737,0.8423,0.9738,0.0766,0.6837
216,400,0,0.35,0.0296,0.0767,0,0,0.1331,0.4742,0.4583,0.1042,0.8747,0.6819,0.7551,0,0.0817
217,800,0,0.35,0.0429,0,0,0,0.0999,0.5334,0.0072,0.0581,0.827,0.4985,0.1389,0,0
218,0,2.94,0.35,1,1,1,1,1,1,1,1,1,0.9857,1,0.9954,0.668
219,25,2.94,0.35,1,0.9334,1,1,1,1,0.9982,0.9822,1,0.9801,0.998,0.9675,0.6267
220,50,2.94,0.35,0.9545,0.9505,0.9962,0.995,0.9988,1,0.9989,0.9463,1,0.9742,1,0.8994,0.8498
221,100,2.94,0.35,0.7031,0.8461,0.6822,0.7764,0.8162,0.8536,1,0.8241,0.9972,0.9408,1,0.5289,0.7837
222,200,2.94,0.35,0.1111,0.571,0.0535,0.0947,0.2975,0.3298,0.9499,0.381,1,0.8387,0.9644,0.0663,0.7148
223,400,2.94,0.35,0.0206,0.0684,0,0,0.134,0.4778,0.3775,0.0958,0.9307,0.6801,0.7557,0,0.0973
224,800,2.94,0.35,0.0348,0,0,0,0.1049,0.5395,0.0243,0.0461,0.8523,0.5045,0.1243,0,0
225,0,5.88,0.35,0.7798,0.9777,1,1,1,1,1,1,0.9848,0.9646,0.9947,0.8219,0.7992
226,25,5.88,0.35,0.7809,0.954,0.9897,1,1,0.9986,0.9936,1,0.9813,0.9565,0.991,0.7907,0.8701
227,50,5.88,0.35,0.698,0.94,0.9554,1,1,0.9891,1,0.9852,0.9845,0.9434,1,0.7632,0.9326
228,100,5.88,0.35,0.506,0.6836,0.7478,0.8218,0.9059,0.8699,1,0.8127,0.9914,0.9322,1,0.583,0.8452
229,200,5.88,0.35,0.0769,0.294,0.077,0.1036,0.3365,0.3965,0.9998,0.3955,0.983,0.8338,0.9806,0.0719,0.6775
230,400,5.88,0.35,0.0249,0.0465,0,0,0.1457,0.458,0.6577,0.0851,0.8836,0.6696,0.7434,0,0.1113
231,800,5.88,0.35,0.0443,0,0,0,0.0998,0.5191,0.0758,0.0453,0.8186,0.4899,0.1272,0,0
232,0,11.75,0.35,0.3148,0.3644,0.8716,1,1,0.9576,0.9894,0.8948,0.987,0.7403,0.9897,0.3946,0.7845
233,25,11.75,0.35,0.3101,0.263,0.8112,1,1,0.974,0.9874,0.8537,0.9867,0.7595,0.9908,0.4135,0.7912
234,50,11.75,0.35,0.2952,0.2363,0.7631,1,1,0.9698,1,0.8461,0.9891,0.7625,1,0.4249,0.7638
235,100,11.75,0.35,0.2507,0.2416,0.4129,0.8656,0.8674,0.8683,1,0.7555,0.9839,0.7835,0.9984,0.3619,0.7336
236,200,11.75,0.35,0.087,0.1923,0.0067,0.2886,0.4869,0.3776,0.9465,0.3941,0.9737,0.7435,0.9645,0.0492,0.5476
237,400,11.75,0.35,0.089,0.0158,0,0,0.1745,0.4701,0.4128,0.0996,0.8832,0.6426,0.757,0,0.06
238,800,11.75,0.35,0.0874,0,0,0,0.1192,0.5136,0.0374,0.0454,0.8236,0.5026,0.1299,0,0
239,0,23.5,0.35,0.0491,0.0384,0.2933,0.7945,0.4193,0.5223,0.2957,0.2987,0.3416,0.3287,0.7125,0.4519,0.3785
240,25,23.5,0.35,0.0487,0.0189,0.2902,0.8311,0.4121,0.5191,0.293,0.2885,0.4363,0.3266,0.7363,0.4799,0.3478
241,50,23.5,0.35,0.0506,0.0021,0.2836,0.7128,0.4148,0.5715,0.2937,0.2957,0.5492,0.3344,0.7637,0.5163,0.3877
242,100,23.5,0.35,0.0346,0.0136,0.208,0.5896,0.3872,0.5273,0.3032,0.3008,0.5446,0.3546,0.8089,0.4899,0.3673
243,200,23.5,0.35,0.0009,0.0112,0.0065,0.2654,0.2867,0.3261,0.3049,0.2501,0.5065,0.3469,0.7514,0.2175,0.3002
244,400,23.5,0.35,0.0048,0.0072,0,0.0355,0.1686,0.3929,0.3053,0.0816,0.5836,0.3544,0.6428,0.1131,0.1182
245,800,23.5,0.35,0.0338,0,0,0,0.1093,0.4039,0.0501,0.0443,0.5302,0.2578,0.1256,0.0284,0.0796
246,0,47,0.35,0,0,0.2237,0.096,0.0188,0.002,0,0.0735,0.1129,0.1505,0.2857,0.4976,0.0709
247,25,47,0.35,0,0,0.1965,0.0919,0.0172,0,0,0.0694,0.1184,0.1376,0.2915,0.5113,0.0519
248,50,47,0.35,0,0,0.173,0.0563,0.0135,0,0,0.068,0.1254,0.1419,0.2991,0.5129,0.0611
249,100,47,0.35,0,0,0.0926,0.0378,0.0122,0,0,0.0813,0.1335,0.1516,0.3192,0.4539,0.0499
250,200,47,0.35,0,0,0.0254,0.0042,0.0033,0,0,0.07,0.14,0.1376,0.2998,0.3093,0.0363
251,400,47,0.35,0,0,0,0,0,0.0037,0,0.0382,0.1504,0.1318,0.267,0.2318,0
252,800,47,0.35,0,0,0,0,0,0.0021,0,0.0388,0.1045,0.0831,0.0759,0.1353,0
253,0,94,0.35,0,0,0,0,0,0,0,0,0.0686,0.0306,0.126,0.4315,0.0367
254,25,94,0.35,0,0,0,0,0,0,0,0,0.0652,0.0271,0.1163,0.435,0.0288
255,50,94,0.35,0,0,0,0,0,0,0,0,0.071,0.0288,0.1265,0.4395,0.0344
256,100,94,0.35,0,0,0,0,0,0,0,0,0.0781,0.0336,0.1285,0.386,0.0213
257,200,94,0.35,0,0,0,0,0,0,0,0.0041,0.0791,0.0364,0.1163,0.2935,0.0094
258,400,94,0.35,0,0,0,0,0,0,0,0.0003,0.0749,0.0397,0.0899,0.2316,0
259,800,94,0.35,0,0,0,0,0,0,0,0.0043,0.0433,0.0177,0.0385,0.1302,0
260,0,188,0.35,0,0,0,0,0,0,0,0,0.0652,0,0.0167,0.406,0.0225
261,25,188,0.35,0,0,0,0,0,0,0,0,0.0632,0,0.0148,0.4194,0.0223
262,50,188,0.35,0,0,0,0,0,0,0,0,0.0667,0,0.02,0.4194,0.0275
263,100,188,0.35,0,0,0,0,0,0,0,0,0.0702,0.0004,0.0241,0.3811,0.029
264,200,188,0.35,0,0,0,0,0,0,0,0,0.0717,0,0.0143,0.2825,0.0057
265,400,188,0.35,0,0,0,0,0,0,0,0,0.0738,0.0014,0.003,0.224,0
266,800,188,0.35,0,0,0,0,0,0,0,0,0.0458,0,0,0.126,0
267,0,376,0.35,0,0,0,0,0,0,0,0,0.0711,0,0,0.4027,0.0258
268,25,376,0.35,0,0,0,0,0,0,0,0,0.0684,0,0,0.408,0.0253
269,50,376,0.35,0,0,0,0,0,0,0,0,0.0754,0,0,0.4135,0.0331
270,100,376,0.35,0,0,0,0,0,0,0,0,0.0773,0,0,0.382,0.0245
271,200,376,0.35,0,0,0,0,0,0,0,0,0.0778,0,0,0.2756,0.0135
272,400,376,0.35,0,0,0,0,0,0,0,0,0.0756,0,0,0.2218,0
273,800,376,0.35,0,0,0,0,0,0,0,0,0.0488,0,0,0.1342,0
274,0,752,0.35,0.0121,0.0076,0.0094,0,0,0,0,0.0245,0.1133,0.0442,0.0417,0.4508,0.0992
275,25,752,0.35,0.0138,0.0057,0.0087,0,0.0002,0,0,0.0227,0.1152,0.0442,0.0438,0.4606,0.0975
276,50,752,0.35,0.0117,0.002,0.0066,0,0,0,0,0.0199,0.1233,0.0472,0.0437,0.4594,0.1067
277,100,752,0.35,0.0093,0,0.0052,0,0.0003,0,0,0.0226,0.1258,0.0481,0.0453,0.4296,0.106
278,200,752,0.35,0.0091,0.0013,0.0051,0,0.0013,0,0,0.0243,0.1311,0.0497,0.0383,0.3263,0.091
279,400,752,0.35,0.0119,0,0.0041,0,0.0028,0,0,0.0192,0.1216,0.0459,0.0261,0.2737,0.0558
280,800,752,0.35,0.0106,0,0,0,0.0007,0,0,0.0129,0.0843,0.0213,0.009,0.1688,0.0262
281,0,0,0.7,0.9974,0.7303,0.9786,0.9678,1,0.958,0.9319,0.7457,0.9035,0.8339,0.9315,0.9197,0.5898
282,25,0,0.7,0.9747,0.7343,0.9694,0.9478,1,0.9448,0.9576,0.7497,0.9146,0.818,0.8973,0.8818,0.6786
283,50,0,0.7,0.9133,0.6567,0.9056,0.8818,0.9745,0.8572,0.9771,0.7197,0.9066,0.8273,0.9146,0.7717,0.8187
284,100,0,0.7,0.5854,0.478,0.6461,0.6569,0.7146,0.4782,0.9812,0.5924,0.8674,0.7283,0.8531,0.433,0.7345
285,200,0,0.7,0.0666,0.2143,0.0571,0.2905,0.333,0.3339,0.8904,0.2766,0.8513,0.6026,0.6398,0.0537,0.4384
286,400,0,0.7,0.0193,0.0146,0,0.0221,0.1683,0.5133,0.2822,0.0988,0.9015,0.5608,0.239,0,0.0358
287,800,0,0.7,0.0344,0,0,0,0.0974,0.5266,0.0015,0.0619,0.8035,0.4341,0.0287,0,0
288,0,2.94,0.7,1,0.8245,1,0.9947,1,0.9927,0.9966,0.8058,0.9475,0.8809,0.9456,1,0.7442
289,25,2.94,0.7,0.9965,0.7777,0.989,0.9508,0.9877,0.9821,0.9994,0.7889,0.9479,0.8688,0.9392,0.9591,0.8508
290,50,2.94,0.7,0.9369,0.6995,0.9326,0.9091,0.9527,0.9067,1,0.7757,0.9281,0.8639,0.9499,0.8335,0.8915
291,100,2.94,0.7,0.6025,0.5446,0.7416,0.7198,0.6819,0.5829,1,0.6217,0.8433,0.7691,0.8917,0.4597,0.8507
292,200,2.94,0.7,0.0803,0.2479,0.0957,0.2439,0.2843,0.3952,0.9457,0.3007,0.8804,0.6462,0.6707,0.0599,0.4304
293,400,2.94,0.7,0.0207,0.0184,0,0.011,0.1748,0.5492,0.3295,0.0999,0.9415,0.5848,0.2105,0,0.0365
294,800,2.94,0.7,0.0428,0,0,0,0.1013,0.5671,0,0.0712,0.8767,0.4562,0.0267,0,0
295,0,5.88,0.7,0.8093,0.8614,0.9927,1,1,1,1,0.8058,0.9727,0.8696,0.9883,0.7946,0.7438
296,25,5.88,0.7,0.7759,0.8042,0.9683,1,1,0.9789,1,0.7925,0.9783,0.8604,0.9747,0.8341,0.8093
297,50,5.88,0.7,0.6576,0.7381,0.8801,0.941,1,0.8895,1,0.7303,0.9594,0.8575,0.956,0.7702,0.8447
298,100,5.88,0.7,0.5092,0.5518,0.7168,0.7318,0.8655,0.6019,1,0.6112,0.8894,0.8032,0.9341,0.4644,0.8881
299,200,5.88,0.7,0.0781,0.2419,0.0959,0.3116,0.3816,0.3921,0.9277,0.3152,0.9054,0.6425,0.6992,0.0524,0.4867
300,400,5.88,0.7,0.0222,0.0198,0,0.0118,0.1638,0.5498,0.2019,0.1142,0.9544,0.6154,0.2498,0,0.0346
301,800,5.88,0.7,0.0429,0,0,0,0.0954,0.5582,0,0.0657,0.8523,0.4775,0.0311,0,0
302,0,11.75,0.7,0.2985,0.5397,0.3957,0.9559,0.9186,0.8983,0.9964,0.6642,0.9723,0.5009,0.9583,0.4225,0.6891
303,25,11.75,0.7,0.2869,0.4746,0.4093,0.9337,0.9917,0.8705,0.9986,0.6793,0.9755,0.609,0.9439,0.4275,0.7455
304,50,11.75,0.7,0.2692,0.4237,0.4419,0.9012,0.987,0.8314,1,0.6705,0.9488,0.6267,0.9598,0.4326,0.7783
305,100,11.75,0.7,0.2245,0.3357,0.3973,0.7156,0.8104,0.6239,1,0.566,0.9048,0.6061,0.9195,0.3644,0.7745
306,200,11.75,0.7,0.0629,0.1805,0.0434,0.2218,0.3845,0.4212,0.9485,0.2931,0.8875,0.5626,0.7101,0.0482,0.5364
307,400,11.75,0.7,0.0574,0.0104,0,0,0.1456,0.5447,0.3089,0.1156,0.9496,0.5324,0.2295,0,0.0564
308,800,11.75,0.7,0.0576,0,0,0,0.1032,0.5709,0.0004,0.0732,0.8615,0.4034,0.0344,0,0
309,0,23.5,0.7,0.0086,0.0939,0.2415,0.2344,0.4359,0.2291,0.3803,0.3324,0.9008,0.2983,0.8419,0.4534,0.3279
310,25,23.5,0.7,0.0181,0.0815,0.242,0.2488,0.4277,0.2384,0.3589,0.3234,0.8985,0.3167,0.836,0.5105,0.3951
311,50,23.5,0.7,0.0154,0.0849,0.236,0.2251,0.4205,0.2664,0.3582,0.3035,0.8815,0.3356,0.858,0.4939,0.4461
312,100,23.5,0.7,0.0086,0.0812,0.2178,0.182,0.3901,0.2005,0.3673,0.3137,0.7889,0.3591,0.8325,0.5056,0.4308
313,200,23.5,0.7,0,0.0506,0.0967,0.0454,0.2944,0.2465,0.3729,0.2471,0.8413,0.3461,0.6326,0.1921,0.2482
314,400,23.5,0.7,0,0.0029,0.0024,0,0.1913,0.318,0.227,0.1165,0.9444,0.3354,0.1749,0.1099,0.1418
315,800,23.5,0.7,0.0078,0.0036,0,0,0.1068,0.3235,0.0151,0.0672,0.7843,0.2522,0.0215,0.0419,0.0577
316,0,47,0.7,0,0,0.0166,0,0.0442,0,0,0.0839,0.304,0.1133,0.391,0.5062,0.1051
317,25,47,0.7,0,0,0.0336,0,0.0567,0,0,0.0759,0.3439,0.1139,0.4056,0.5228,0.1028
318,50,47,0.7,0,0,0.0229,0,0.0581,0,0,0.075,0.3353,0.1201,0.4146,0.5146,0.1098
319,100,47,0.7,0,0,0.0026,0,0.0401,0,0,0.097,0.3302,0.1124,0.4133,0.4532,0.1053
320,200,47,0.7,0,0,0,0,0.0188,0,0,0.1082,0.3747,0.1173,0.3643,0.2937,0.0617
321,400,47,0.7,0,0,0,0,0.0039,0,0,0.0608,0.4757,0.1023,0.1587,0.2191,0.0037
322,800,47,0.7,0,0,0,0,0.0016,0,0,0.0601,0.4433,0.0571,0.0346,0.1343,0
323,0,94,0.7,0,0,0,0,0,0,0,0.0148,0.1075,0.0322,0.2005,0.4373,0.0476
324,25,94,0.7,0,0,0,0,0,0,0,0.0256,0.1095,0.0242,0.2074,0.4403,0.0487
325,50,94,0.7,0,0,0,0,0,0,0,0.0271,0.1183,0.0255,0.1935,0.4363,0.0487
326,100,94,0.7,0,0,0,0,0,0,0,0.0432,0.1295,0.0282,0.2041,0.3855,0.0555
327,200,94,0.7,0,0,0,0,0,0,0,0.038,0.1478,0.0333,0.175,0.2804,0.0287
328,400,94,0.7,0,0,0,0,0,0,0,0.0168,0.164,0.0179,0.0946,0.2128,0
329,800,94,0.7,0,0,0,0,0,0,0,0.0388,0.1094,0.0012,0.0419,0.1132,0
330,0,188,0.7,0,0,0,0,0,0,0,0,0.0789,0,0.0349,0.4081,0.0489
331,25,188,0.7,0,0,0,0,0,0,0,0.001,0.0768,0,0.0308,0.4086,0.0417
332,50,188,0.7,0,0,0,0,0,0,0,0.0054,0.0753,0,0.0316,0.3991,0.0426
333,100,188,0.7,0,0,0,0,0,0,0,0.0032,0.0763,0,0.0291,0.3632,0.0414
334,200,188,0.7,0,0,0,0,0,0,0,0.0106,0.0739,0.0003,0.0195,0.2632,0.0215
335,400,188,0.7,0,0,0,0,0,0,0,0.0003,0.0638,0,0.0014,0.2169,0
336,800,188,0.7,0,0,0,0,0,0,0,0.0278,0.0347,0,0.0011,0.1226,0
337,0,376,0.7,0,0,0,0,0,0,0,0.0003,0.0553,0,0,0.393,0.0504
338,25,376,0.7,0,0,0,0,0,0,0,0,0.0541,0,0,0.3932,0.0498
339,50,376,0.7,0,0,0,0,0,0,0,0,0.0512,0,0,0.3929,0.0455
340,100,376,0.7,0,0,0,0,0,0,0,0,0.0514,0,0,0.3529,0.0487
341,200,376,0.7,0,0,0,0,0,0,0,0.0009,0.046,0,0,0.2673,0.0345
342,400,376,0.7,0,0,0,0,0,0,0,0.0017,0.0351,0,0,0.2207,0
343,800,376,0.7,0,0,0,0,0,0,0,0.025,0.0067,0,0,0.1199,0
344,0,752,0.7,0,0,0,0,0,0,0,0,0.0532,0.0026,0,0.4049,0.074
345,25,752,0.7,0,0,0,0,0,0,0,0.0021,0.0435,0.0019,0,0.4021,0.0754
346,50,752,0.7,0,0,0,0,0,0,0,0.0006,0.0492,0.0024,1E-04,0.3969,0.0662
347,100,752,0.7,0,0,0,0,0,0,0,0.0017,0.0465,0.004,0,0.3612,0.0599
348,200,752,0.7,0,0,0,0,0,0,0,0.0121,0.0497,0.0035,0,0.2693,0.051
349,400,752,0.7,0,0,0,0,0,0,0,0.0018,0.0396,0.0025,0,0.2139,0.0083
350,800,752,0.7,0,0,0,0,0,0,0,0.0039,0.0146,0.0017,0,0.1197,0
351,0,0,1.4,0.8608,0.2224,0.942,0.608,1,0.5742,0.8145,0.3845,0.8762,0.6656,0.4286,0.9027,0.4585
352,25,0,1.4,0.7958,0.189,0.8669,0.5594,0.9565,0.4658,0.7821,0.3612,0.798,0.623,0.4029,0.8602,0.3588
353,50,0,1.4,0.624,0.1443,0.7937,0.4506,0.9873,0.2736,0.7761,0.3333,0.7693,0.6152,0.4271,0.7294,0.3553
354,100,0,1.4,0.2729,0.0625,0.514,0.1821,0.7567,0.0862,0.7397,0.26,0.6551,0.5743,0.3998,0.3971,0.3632
355,200,0,1.4,0.0398,0.0023,0.0431,0,0.3328,0.3048,0.588,0.133,0.7342,0.5647,0.2776,0.0483,0.0603
356,400,0,1.4,0.0452,0,0,0,0.1858,0.479,0.1833,0.1246,0.9098,0.5282,0.0615,0,0
357,800,0,1.4,0.0739,0,0,0,0.1277,0.5128,0,0.1045,0.7941,0.3746,0.0168,0,0
358,0,2.94,1.4,0.8644,0.2263,0.9315,0.6176,1,0.551,0.8151,0.3732,0.8977,0.659,0.4422,0.9149,0.3511
359,25,2.94,1.4,0.7969,0.1767,0.8845,0.5836,1,0.4444,0.7889,0.3623,0.8047,0.6246,0.4227,0.8365,0.3198
360,50,2.94,1.4,0.6354,0.1372,0.7898,0.5035,0.9993,0.2466,0.8032,0.3183,0.765,0.5987,0.4245,0.7238,0.4377
361,100,2.94,1.4,0.2767,0.0648,0.5272,0.2727,0.8424,0.0662,0.7678,0.2681,0.6595,0.5851,0.4168,0.3908,0.2975
362,200,2.94,1.4,0.037,0,0.042,0.0063,0.3842,0.2622,0.5788,0.1174,0.757,0.5318,0.2757,0.0415,0.0455
363,400,2.94,1.4,0.0366,0,0,0,0.1827,0.4899,0.1511,0.1139,0.9323,0.4954,0.0389,0,0
364,800,2.94,1.4,0.0668,0,0,0,0.1286,0.5055,0,0.0927,0.8135,0.3752,0.0009,0,0
365,0,5.88,1.4,0.589,0.2205,0.8532,0.5465,1,0.5674,0.8213,0.3553,0.8906,0.6217,0.4188,0.7871,0.433
366,25,5.88,1.4,0.5644,0.1801,0.8223,0.5389,1,0.4488,0.7753,0.3596,0.8369,0.6261,0.3961,0.75,0.4766
367,50,5.88,1.4,0.4533,0.1484,0.7578,0.4785,0.9985,0.3107,0.8089,0.3368,0.769,0.5927,0.4183,0.68,0.4562
368,100,5.88,1.4,0.2382,0.0642,0.4922,0.1984,0.8461,0.0728,0.7585,0.2687,0.667,0.5535,0.4019,0.4325,0.3094
369,200,5.88,1.4,0.0296,1E-04,0.0433,0.0184,0.386,0.2538,0.5884,0.1284,0.7402,0.5314,0.2832,0.046,0.0594
370,400,5.88,1.4,0.044,0,0,0,0.1821,0.4684,0.2245,0.1065,0.9187,0.5052,0.0667,0,0
371,800,5.88,1.4,0.0755,0,0,0,0.1238,0.4936,0.0068,0.0949,0.7806,0.3586,0.0115,0,0
372,0,11.75,1.4,0.2377,0.1882,0.3946,0.5947,1,0.4955,0.7775,0.3247,0.9009,0.5454,0.4021,0.397,0.5706
373,25,11.75,1.4,0.2177,0.1688,0.4012,0.5107,1,0.3849,0.7839,0.3338,0.8092,0.5148,0.4087,0.4224,0.5705
374,50,11.75,1.4,0.2168,0.1281,0.4312,0.4546,0.938,0.2439,0.7852,0.3084,0.759,0.4854,0.4313,0.4313,0.5604
375,100,11.75,1.4,0.1674,0.0578,0.3039,0.2408,0.8115,0.0799,0.758,0.245,0.6947,0.4398,0.4284,0.3628,0.4008
376,200,11.75,1.4,0.0525,0,0.0192,0.0205,0.5016,0.2538,0.6059,0.1277,0.7677,0.4674,0.3071,0.0475,0.0676
377,400,11.75,1.4,0.0746,0,0,0,0.2202,0.4541,0.211,0.117,0.9181,0.4361,0.0557,0,0
378,800,11.75,1.4,0.0959,0,0,0,0.142,0.4798,0.0103,0.0988,0.8299,0.3451,0.0106,0,0
379,0,23.5,1.4,0,0.0621,0.226,0.1022,0.3854,0.1336,0.3741,0.2065,0.7811,0.3323,0.4074,0.4929,0.2905
380,25,23.5,1.4,0,0.0499,0.2224,0.1023,0.3774,0.1633,0.3836,0.1973,0.7678,0.2988,0.3851,0.5077,0.3137
381,50,23.5,1.4,0,0.048,0.221,0.0878,0.3693,0.1346,0.38,0.1879,0.7656,0.3115,0.4047,0.5178,0.309
382,100,23.5,1.4,0,0.0381,0.1819,0.0555,0.3552,0.0975,0.4122,0.1765,0.6574,0.2825,0.3858,0.5195,0.2685
383,200,23.5,1.4,0,0.0031,0.0309,0.0042,0.2794,0.1996,0.3708,0.119,0.669,0.2732,0.2709,0.2373,0.1727
384,400,23.5,1.4,0.0032,0,0,0,0.1952,0.2831,0.1971,0.1086,0.8774,0.2836,0.0466,0.1173,0.1178
385,800,23.5,1.4,0.0319,0,0,0,0.1375,0.336,0.0192,0.0936,0.7849,0.2096,0.0079,0.0337,0.1054
386,0,47,1.4,0,0,0.0241,0,0.0355,0,0,0.0418,0.2577,0.1995,0.2986,0.5088,0.0748
387,25,47,1.4,0,0,0.0057,0,0.0371,0,0,0.0438,0.2375,0.1603,0.288,0.5142,0.0659
388,50,47,1.4,0,0,0.006,0,0.0128,0,0,0.0398,0.3202,0.1552,0.3063,0.5095,0.0545
389,100,47,1.4,0,0,0.0091,0,0.0095,0,0,0.052,0.2961,0.1642,0.286,0.444,0.0409
390,200,47,1.4,0,0,0,0,0.0078,0,0.0006,0.0565,0.3211,0.1571,0.1935,0.3071,0.0114
391,400,47,1.4,0,0,0,0,0,0,0,0.0551,0.3619,0.1264,0.0288,0.2416,0
392,800,47,1.4,0,0,0,0,0,0,0,0.0687,0.2829,0.0696,0.0259,0.1459,0
393,0,94,1.4,0,0,0,0,0,0,0,0,0.093,0.0501,0.1444,0.438,0.043
394,25,94,1.4,0,0,0,0,0,0,0,0,0.0941,0.0491,0.1306,0.4351,0.0404
395,50,94,1.4,0,0,0,0,0,0,0,0,0.1009,0.0467,0.1538,0.4277,0.0289
396,100,94,1.4,0,0,0,0,0,0,0,0.0047,0.1133,0.0397,0.1476,0.3738,0.0164
397,200,94,1.4,0,0,0,0,0,0,0,0.0055,0.131,0.0366,0.1196,0.2943,0
398,400,94,1.4,0,0,0,0,0,0,0,0.0115,0.1324,0.0334,0.0576,0.2379,0
399,800,94,1.4,0,0,0,0,0,0,0,0.0395,0.0893,0.0171,0.0495,0.1448,0
400,0,188,1.4,0,0,0,0,0,0,0,0,0.0836,0.0316,0.0045,0.4152,0.0342
401,25,188,1.4,0,0,0,0,0,0,0,0,0.0809,0.0226,0.0032,0.4176,0.0373
402,50,188,1.4,0,0,0,0,0,0,0,0,0.082,0.0222,0.0076,0.4129,0.0226
403,100,188,1.4,0,0,0,0,0,0,0,0,0.0853,0.0191,0.0125,0.3745,0.0129
404,200,188,1.4,0,0,0,0,0,0,0,0,0.0821,0.0165,0.0108,0.2873,0
405,400,188,1.4,0,0,0,0,0,0,0,0,0.072,0.0175,0,0.2323,0
406,800,188,1.4,0,0,0,0,0,0,0,0.024,0.0396,0.0026,0,0.1359,0
407,0,376,1.4,0,0,0,0,0,0,0,0,0.0585,0.0154,0,0.4091,0.0391
408,25,376,1.4,0,0,0,0,0,0,0,0,0.0492,0.0129,0,0.4153,0.0398
409,50,376,1.4,0,0,0,0,0,0,0,0,0.055,0.0193,0,0.4107,0.035
410,100,376,1.4,0,0,0,0,0,0,0,0,0.0569,0.02,0,0.3724,0.014
411,200,376,1.4,0,0,0,0,0,0,0,0,0.0687,0.0206,0,0.2746,0
412,400,376,1.4,0,0,0,0,0,0,0,0,0.0645,0.0094,0,0.2256,0
413,800,376,1.4,0,0,0,0,0,0,0,0.0012,0.0321,0.0006,0,0.1432,0
414,0,752,1.4,0.0099,0.0098,0.0131,0,0,0,0,0.0254,0.1012,0.0817,0.0517,0.4539,0.1331
415,25,752,1.4,0.0107,0.0083,0.0141,0,0.0013,0,0,0.0242,0.0941,0.0801,0.0481,0.4567,0.1397
416,50,752,1.4,0.0091,0.0073,0.0081,0,0,0,0,0.0226,0.094,0.0826,0.0432,0.4525,0.1286
417,100,752,1.4,0.0078,0.0034,0.0088,0,0,0,0,0.029,0.0997,0.0879,0.0419,0.4208,0.1234
418,200,752,1.4,0.0111,0.0019,0.0068,0,0,0,0,0.034,0.1058,0.0827,0.0409,0.3284,0.0934
419,400,752,1.4,0.0139,0.0005,0.0054,0,0.0007,0,0,0.032,0.1032,0.0754,0.0431,0.2843,0.0698
420,800,752,1.4,0.0115,1E-04,0,0,0.0007,0,0,0.0203,0.0558,0.0398,0.0221,0.1843,0.0378
421,0,0,2.8,0.0537,0,0.4702,0,1,0.0175,0,0.0973,0.419,0.5269,0.0533,0.631,0
422,25,0,2.8,0.057,0,0.4304,0,0.9789,0.0035,0,0.0946,0.3862,0.5216,0.0537,0.5588,0
423,50,0,2.8,0.0441,0,0.3271,0,0.9012,0,0,0.0921,0.3427,0.5419,0.0735,0.441,0
424,100,0,2.8,0.0212,0,0.0932,0,0.6208,0.0072,0,0.075,0.2417,0.5158,0.0649,0.1857,0
425,200,0,2.8,0.0373,0,0,0,0.2356,0.1849,0,0.0848,0.2398,0.5118,0.0152,0.0122,0
426,400,0,2.8,0.0798,0,0,0,0.2178,0.3843,0,0.1825,0.6763,0.4616,0,0,0
427,800,0,2.8,0.112,0,0,0,0.1682,0.3948,0,0.1584,0.7653,0.3322,0.0298,0,0
428,0,2.94,2.8,0.058,0,0.5307,0,1,0.0166,0,0.1024,0.4462,0.5736,0.0579,0.6594,0
429,25,2.94,2.8,0.0607,0,0.4048,0,1,0.0023,0,0.0996,0.4252,0.5562,0.0641,0.6431,0
430,50,2.94,2.8,0.045,0,0.2868,0,0.9397,0,0,0.0962,0.3545,0.569,0.0741,0.5004,0
431,100,2.94,2.8,0.0194,0,0.1063,0,0.5679,0.0151,0,0.0744,0.2469,0.5522,0.065,0.1913,0
432,200,2.94,2.8,0.0297,0,0,0,0.2386,0.2318,0,0.0922,0.2579,0.5385,0.024,0.004,0
433,400,2.94,2.8,0.0783,0,0,0,0.223,0.394,0,0.1928,0.7016,0.4889,0,0,0
434,800,2.94,2.8,0.1181,0,0,0,0.1765,0.4058,0,0.1716,0.8256,0.3612,0.0395,0,0
435,0,5.88,2.8,0.0588,0,0.4751,0,1,0.019,0,0.0995,0.49,0.5636,0.0579,0.5716,0
436,25,5.88,2.8,0.0601,0,0.4106,0,1,0.0029,0,0.096,0.4423,0.5565,0.0666,0.5736,0
437,50,5.88,2.8,0.0483,0,0.2904,0,0.9631,0,0,0.0913,0.359,0.5685,0.0761,0.5183,0
438,100,5.88,2.8,0.0265,0,0.1019,0,0.6984,0.0017,0,0.0777,0.26,0.5625,0.0723,0.2313,0
439,200,5.88,2.8,0.0351,0,0,0,0.2817,0.1756,0,0.0816,0.2629,0.554,0.021,0.0146,0
440,400,5.88,2.8,0.0818,0,0,0,0.2298,0.3797,0,0.1935,0.7032,0.5154,0,0,0
441,800,5.88,2.8,0.1133,0,0,0,0.1649,0.4197,0,0.1668,0.8324,0.3643,0.035,0,0
442,0,11.75,2.8,0.0494,0,0.2746,0,0.9684,0.026,0,0.0997,0.4709,0.3959,0.0589,0.4817,0
443,25,11.75,2.8,0.0518,0,0.2561,0,0.9999,0.0032,0,0.0914,0.4458,0.4632,0.0601,0.4463,0
444,50,11.75,2.8,0.0463,0,0.2197,0,0.9517,0,0,0.0882,0.3585,0.4941,0.0709,0.411,0
445,100,11.75,2.8,0.0287,0,0.1052,0,0.6265,0.0093,0.0002,0.083,0.2637,0.5041,0.0661,0.2558,0
446,200,11.75,2.8,0.0633,0,0,0,0.2685,0.1815,0,0.0859,0.2446,0.4875,0.023,0.0299,0
447,400,11.75,2.8,0.1205,0,0,0,0.209,0.3531,0,0.1908,0.6869,0.4694,0.0012,0,0
448,800,11.75,2.8,0.1338,0,0,0,0.171,0.407,0,0.1836,0.8138,0.3592,0.0393,0,0
449,0,23.5,2.8,0,0,0.2743,0,0.4497,0.0913,0,0.1055,0.4262,0.3289,0.043,0.5728,0.1611
450,25,23.5,2.8,0,0,0.2729,0,0.4514,0.0617,0,0.1012,0.3843,0.3224,0.054,0.6021,0.1745
451,50,23.5,2.8,0,0,0.2648,0,0.4361,0.0381,0.003,0.0939,0.3203,0.3358,0.0656,0.5543,0.2357
452,100,23.5,2.8,0,0,0.2317,0,0.3933,0.0605,0.0083,0.0782,0.2291,0.3458,0.0545,0.409,0.2182
453,200,23.5,2.8,0.0019,0,0.0341,0,0.3075,0.1725,0.0002,0.0717,0.2558,0.3515,0.0188,0.1876,0.1734
454,400,23.5,2.8,0.0163,0.0015,0,0,0.2667,0.2359,0,0.1843,0.7123,0.3467,0.0015,0.1023,0.1508
455,800,23.5,2.8,0.0486,0,0,0,0.1903,0.2643,0,0.1541,0.8138,0.2673,0.0314,0.0634,0.0803
456,0,47,2.8,0,0,0.0151,0,0.0524,0,0,0.0506,0.1456,0.1888,0.0453,0.5126,0.052
457,25,47,2.8,0,0,0.0289,0,0.058,0,0,0.054,0.1551,0.184,0.0421,0.5068,0.0478
458,50,47,2.8,0,0,0.0185,0,0.0579,0,0,0.0542,0.1524,0.1858,0.0597,0.4684,0.0665
459,100,47,2.8,0,0,0.002,0,0.0488,0,0,0.0565,0.1417,0.1536,0.0532,0.391,0.0524
460,200,47,2.8,0,0,0,0,0.0347,0,0,0.0651,0.1526,0.1571,0.0117,0.2829,0.0285
461,400,47,2.8,0,0,0,0,0.015,0,0,0.1191,0.2916,0.1349,0,0.2218,0.0183
462,800,47,2.8,0,0,0,0,0.0124,0,0,0.1385,0.3197,0.0756,0.0417,0.1262,0.0045
463,0,94,2.8,0,0,0,0,0,0,0,0.0277,0.088,0.0874,0.0912,0.4317,0.0223
464,25,94,2.8,0,0,0,0,0,0,0,0.0377,0.0889,0.0707,0.0859,0.4371,0.018
465,50,94,2.8,0,0,0,0,0,0,0,0.0352,0.0919,0.0768,0.0936,0.418,0.0199
466,100,94,2.8,0,0,0,0,0,0,0,0.0344,0.0917,0.0717,0.084,0.3518,0.0186
467,200,94,2.8,0,0,0,0,0,0,0,0.0273,0.1011,0.0629,0.0495,0.275,0.0046
468,400,94,2.8,0,0,0,0,0,0,0,0.0594,0.1224,0.0424,0.0612,0.2218,0.0044
469,800,94,2.8,0,0,0,0,0,0,0,0.0982,0.074,0.0112,0.0589,0.1281,0
470,0,188,2.8,0,0,0,0,0,0,0,0.0093,0.0783,0.0452,0.0227,0.4173,0.0364
471,25,188,2.8,0,0,0,0,0,0,0,0.0086,0.0723,0.0424,0.0203,0.4093,0.0274
472,50,188,2.8,0,0,0,0,0,0,0,0.0136,0.0673,0.0411,0.0247,0.3946,0.0296
473,100,188,2.8,0,0,0,0,0,0,0,0.0097,0.0689,0.036,0.0205,0.3461,0.023
474,200,188,2.8,0,0,0,0,0,0,0,0.0162,0.0747,0.0305,0.0071,0.2685,0.0059
475,400,188,2.8,0,0,0,0,0,0,0,0.0429,0.0718,0.015,0,0.2281,0.0026
476,800,188,2.8,0,0,0,0,0,0,0,0.0825,0.0438,0.0004,0.004,0.1218,0.0003
477,0,376,2.8,0,0,0,0,0,0,0,0.0075,0.0524,0.0319,0.0009,0.4067,0.0436
478,25,376,2.8,0,0,0,0,0,0,0,0.0044,0.0482,0.0328,0,0.3987,0.0436
479,50,376,2.8,0,0,0,0,0,0,0,0.0027,0.0392,0.0307,0.0007,0.3843,0.0409
480,100,376,2.8,0,0,0,0,0,0,0,0.0052,0.0352,0.0278,0,0.3366,0.0384
481,200,376,2.8,0,0,0,0,0,0,0,0.0053,0.0509,0.0192,0,0.2712,0.0137
482,400,376,2.8,0,0,0,0,0,0,0,0.0475,0.0691,0.008,0,0.2246,0.0044
483,800,376,2.8,0,0,0,0,0,0,0,0.0755,0.0369,0.0005,0,0.1179,0
484,0,752,2.8,0,0,0,0,0,0,0,0.0127,0.0513,0.0478,0.006,0.4187,0.0649
485,25,752,2.8,0,0,0,0,0,0,0,0.0156,0.0475,0.0457,0.0035,0.4132,0.0729
486,50,752,2.8,0,0,0,0,0,0,0,0.0143,0.0435,0.0438,0.0059,0.3942,0.0621
487,100,752,2.8,0,0,0,0,0,0,0,0.0126,0.0332,0.0424,0.0046,0.3541,0.0506
488,200,752,2.8,0,0,0,0,0,0,0,0.0223,0.0427,0.0348,0.0004,0.2844,0.0336
489,400,752,2.8,0,0,0,0,0,0,0,0.0374,0.0708,0.0228,0,0.2201,0.0196
490,800,752,2.8,0,0,0,0,0,0,0,0.0524,0.0463,0.0117,0,0.1269,0.0082
491,0,0,5.6,0,0,0.0909,0,0.9162,0,0,0.0337,0.0242,0.5674,0,0.2438,0
492,25,0,5.6,0,0,0.0499,0,0.8143,0,0,0.0323,0.0201,0.5482,0,0.1988,0
493,50,0,5.6,0,0,0.0095,0,0.6801,0,0,0.0295,0.0223,0.5367,0,0.1252,0
494,100,0,5.6,0,0,0,0,0.3758,0.0026,0,0.0422,0.0524,0.5205,0,0.0293,0
495,200,0,5.6,0.0537,0,0,0,0.2,0.1375,0,0.1178,0.2214,0.517,0,0.001,0
496,400,0,5.6,0.1389,0,0,0,0.2842,0.2772,0,0.2571,0.6004,0.4409,0.0194,0.003,0
497,800,0,5.6,0.1888,0,0,0,0.2551,0.3692,0,0.223,0.7106,0.2865,0.0676,0.0049,0
498,0,2.94,5.6,0,0,0.0826,0,0.9735,0,0,0.0174,0.0122,0.5466,0,0.2406,0
499,25,2.94,5.6,0,0,0.0422,0,0.904,0,0,0.0191,0.0038,0.5372,0,0.1741,0
500,50,2.94,5.6,0,0,0.0042,0,0.7218,0,0,0.0168,0.0089,0.5223,0,0.1109,0
501,100,2.94,5.6,0,0,0,0,0.4135,0,0,0.0284,0.0417,0.5166,0,0.0168,0
502,200,2.94,5.6,0.0448,0,0,0,0.1627,0.1191,0,0.1025,0.2185,0.4827,0,0,0
503,400,2.94,5.6,0.1285,0,0,0,0.2595,0.2797,0,0.2475,0.6709,0.3892,0.0241,0,0
504,800,2.94,5.6,0.184,0,0,0,0.2496,0.3352,0,0.2065,0.7668,0.2861,0.0678,0,0
505,0,5.88,5.6,0,0,0.0856,0,0.9825,0,0,0.0128,0.0041,0.5356,0,0.2535,0
506,25,5.88,5.6,0,0,0.0435,0,0.8891,0,0,0.0098,0.0024,0.541,0,0.232,0
507,50,5.88,5.6,0,0,0.0049,0,0.7451,0,0,0.0098,0.0064,0.5131,0,0.1296,0
508,100,5.88,5.6,0,0,0,0,0.4087,0,0,0.0169,0.0348,0.5004,0,0.0236,0
509,200,5.88,5.6,0.0361,0,0,0,0.1837,0.099,0,0.0947,0.1925,0.4916,0,0,0
510,400,5.88,5.6,0.137,0,0,0,0.2575,0.2567,0,0.243,0.5867,0.4211,0.0063,0,0
511,800,5.88,5.6,0.1971,0,0,0,0.25,0.332,0,0.2132,0.7197,0.2862,0.0632,0,0
512,0,11.75,5.6,0,0,0.1074,0,0.9798,0,0,0.0085,0.0047,0.4833,0,0.3747,0
513,25,11.75,5.6,0,0,0.0631,0,0.8745,0,0,0.0052,0.0023,0.4463,0,0.3189,0
514,50,11.75,5.6,0,0,0.017,0,0.662,0,0,0.0052,0.0071,0.4338,0,0.2308,0
515,100,11.75,5.6,0,0,0,0,0.4406,0,0,0.0177,0.036,0.3929,0,0.0673,0
516,200,11.75,5.6,0.0666,0,0,0,0.1936,0.0871,0,0.0784,0.1701,0.4271,0,0.0182,0
517,400,11.75,5.6,0.1598,0,0,0,0.291,0.2302,0,0.2412,0.547,0.387,0.016,0.0145,0
518,800,11.75,5.6,0.2175,0,0,0,0.2733,0.2957,0,0.2125,0.7398,0.2849,0.066,0.0053,0
519,0,23.5,5.6,0,0,0.1866,0,0.3875,0.0346,0,0.0202,0.0056,0.3381,0,0.484,0.2176
520,25,23.5,5.6,0,0,0.1585,0,0.373,0.0003,0,0.0062,0.0037,0.3224,0,0.4501,0.2204
521,50,23.5,5.6,0,0,0.1159,0,0.3674,0,0,0.0035,0.008,0.3237,0,0.3923,0.2221
522,100,23.5,5.6,0,0,0.0315,0,0.3401,0.0018,0,0.0154,0.0399,0.3106,0,0.3171,0.1791
523,200,23.5,5.6,0,0,0.0063,0,0.212,0.1114,0,0.0677,0.1807,0.3026,0,0.2646,0.163
524,400,23.5,5.6,0.031,0,0.0067,0,0.2585,0.174,0,0.1983,0.5191,0.3118,0.004,0.2198,0.1446
525,800,23.5,5.6,0.0778,0,0,0,0.2481,0.2127,0,0.2025,0.6414,0.2124,0.0672,0.0812,0.1245
526,0,47,5.6,0,0,0.0053,0,0.0265,0,0,0.015,0.0392,0.2446,0,0.3954,0.0553
527,25,47,5.6,0,0,0,0,0.0302,0,0,0.0097,0.0414,0.2077,0,0.4146,0.0353
528,50,47,5.6,0,0,0,0,0.0112,0,0,0.0136,0.0471,0.1966,0,0.4079,0.0295
529,100,47,5.6,0,0,0,0,0.018,0,0,0.0309,0.0697,0.2006,0,0.349,0.0222
530,200,47,5.6,0,0,0,0,0.0119,0,0,0.0545,0.1191,0.1931,0,0.3065,0.0139
531,400,47,5.6,0,0,0,0,0.0089,0,0,0.1365,0.2071,0.163,0.0354,0.2692,0.0137
532,800,47,5.6,0,0,0,0,0.0118,0,0,0.1588,0.1897,0.0963,0.0794,0.1722,0.0091
533,0,94,5.6,0,0,0,0,0,0,0,0,0.0634,0.0649,0,0.3734,0.0052
534,25,94,5.6,0,0,0,0,0,0,0,0,0.0657,0.0687,0,0.3667,0.0089
535,50,94,5.6,0,0,0,0,0,0,0,0,0.069,0.0778,0,0.3604,0
536,100,94,5.6,0,0,0,0,0,0,0,0,0.0691,0.0621,0,0.3133,0.0013
537,200,94,5.6,0,0,0,0,0,0,0,0.0113,0.0854,0.0513,0.0011,0.2913,0.002
538,400,94,5.6,0,0,0,0,0,0,0,0.0651,0.1004,0.052,0.0414,0.2547,0.0021
539,800,94,5.6,0,0,0,0,0,0,0,0.0981,0.0631,0.0341,0.0704,0.152,0
540,0,188,5.6,0,0,0,0,0,0,0,0,0.0506,0.0553,0,0.376,0.0043
541,25,188,5.6,0,0,0,0,0,0,0,0,0.042,0.0471,0,0.3736,0.0045
542,50,188,5.6,0,0,0,0,0,0,0,0,0.0419,0.0412,0,0.3592,0.0046
543,100,188,5.6,0,0,0,0,0,0,0,0,0.0483,0.0389,0,0.3177,0.0025
544,200,188,5.6,0,0,0,0,0,0,0,0.0037,0.0647,0.0281,0,0.2945,0
545,400,188,5.6,0,0,0,0,0,0,0,0.0342,0.0652,0.0301,0,0.2517,0.0002
546,800,188,5.6,0,0,0,0,0,0,0,0.0689,0.0415,0.0119,0.0019,0.1458,0.0007
547,0,376,5.6,0,0,0,0,0,0,0,0,0.0049,0.0407,0,0.3737,0.0105
548,25,376,5.6,0,0,0,0,0,0,0,0,0.0017,0.0353,0,0.3641,0.0104
549,50,376,5.6,0,0,0,0,0,0,0,0,0.002,0.0406,0,0.3505,0.0123
550,100,376,5.6,0,0,0,0,0,0,0,0,0.0091,0.0358,0,0.3092,0.0052
551,200,376,5.6,0,0,0,0,0,0,0,0,0.0439,0.0336,0,0.2771,0.0004
552,400,376,5.6,0,0,0,0,0,0,0,0.016,0.0701,0.023,0,0.2448,0.0015
553,800,376,5.6,0,0,0,0,0,0,0,0.0366,0.053,0.0089,0,0.1535,0.0008
554,0,752,5.6,0.0171,0.008,0.0296,0,0.0089,0,0.0012,0.0504,0.051,0.1046,0.0433,0.4239,0.101
555,25,752,5.6,0.0176,0.0075,0.0304,0,0.0083,0,0.0026,0.0495,0.0488,0.1035,0.0429,0.4227,0.1018
556,50,752,5.6,0.016,0.0064,0.024,0,0.0033,0,0.0021,0.0465,0.0475,0.1062,0.04,0.4012,0.0977
557,100,752,5.6,0.0143,0.0035,0.0246,0,0.0058,0,0.004,0.0463,0.0539,0.1055,0.0406,0.3712,0.0931
558,200,752,5.6,0.0271,0.0022,0.0207,0,0.0099,0,0.0032,0.0534,0.0757,0.097,0.0349,0.3392,0.0792
559,400,752,5.6,0.0326,0.0019,0.0201,0,0.0074,0,0.0034,0.0767,0.1157,0.0873,0.036,0.3047,0.0804
560,800,752,5.6,0.0146,0.0007,0.0051,0,0.0026,0,0.0022,0.0802,0.0888,0.0572,0.028,0.2051,0.0655
